Household Id,Household size,No. of children,Own home?,Size of home (sq. ft),Employement status,Annual household income (USD),Vehicles owned,UIN,Full name,Date of birth,Account number,Phone number,Email id,Address,Disability status,Immigration status,Token ID,Gender
8660130561,2,0,yes,1285,employed_parttime,5001_10000,four_wheeler,9937286382,Maria Cristina Gonzales,01-07-1974,1717875761,+745 5218119193,maria@myland.com,"21532 Emily Radial Apt. 152 Spencerville, NH 41394",not_disabled,non_immigrant,068130455742399305784829962633186139,Female
8383206050,2,1,no,697,employed_fulltime,0_5000,two_wheeler,7675948129,Juan Carlos Santos,18-06-1947,5993556155,+745 9921926785,juan@myland.com,"604 Smith Forest Apt. 901 West Haroldview, DC 08515",not_disabled,non_immigrant,850304202715624296041166059049263792,Female
9576485907,5,4,no,710,employed_parttime,0_5000,bicycle,3112264971,Angelica Reyes,27-03-1960,3137767926,+745 3378765413,angelica@myland.com,"738 Lopez Pike Staceyside, DE 53654",not_disabled,non_immigrant,245388731738822991142974328199577296,Male
1651191780,8,6,yes,123,unemployed,5001_10000,two_wheeler,2865414427,Jose Manuel Garcia,29-09-1989,2272257658,+745 1274114288,jose@myland.com,"194 Christopher Rapids Millerfort, NM 98485",not_disabled,non_immigrant,944050462013912686120363288879302103,Female
2002735624,8,7,no,262,employed_parttime,0_5000,bicycle,7531321987,Marianne Cruz,27-01-1943,8299776265,+745 1994416676,marianne@myland.com,USNS Mathews FPO AA 34378,not_disabled,non_immigrant,850496652659689460177344664014412565,Female
9963403421,5,3,yes,292,employed_fulltime,0_5000,two_wheeler,6678351775,Miguel Rodriguez,04-03-1936,8598277122,+745 4751151222,miguel@myland.com,"599 Clements Street Carterport, TN 05278",not_disabled,non_immigrant,667897074336572487401694874823241543,Male
8681941066,8,3,yes,1022,employed_parttime,0_5000,bicycle,7279622516,Ana Isabel Fernandez,18-05-1942,6147331141,+745 3884244853,ana@myland.com,"671 Anthony Pine Suite 315 Port Rebecca, KS 27420",not_disabled,non_immigrant,482239458780851645235646735030501705,Female
8034431233,2,0,yes,633,employed_parttime,0_5000,two_wheeler,9513724339,John Michael Ramos,20-07-1979,3623598968,+745 2196211347,john@myland.com,"7815 Cook Prairie Suite 272 Saraton, PW 33198",not_disabled,non_immigrant,354978330366671606369117366617433343,Male
1687569339,9,6,no,765,self_employed,0_5000,two_wheeler,7757811424,Maria Theresa Gutierrez,18-07-1980,3377875728,+745 2140395187,maria@myland.com,"153 Dylan Meadows Apt. 994 East Davidshire, NC 78959",not_disabled,non_immigrant,499647728490457580821022093469529740,Female
4495111648,10,4,no,711,self_employed,5001_10000,three_wheeler,2138353612,Luis Antonio Hernandez,12-10-1984,8951253591,+745 3511369259,luis@myland.com,"35123 Reed Village Dianaborough, NV 65145",not_disabled,non_immigrant,070110109129734449638966169556322805,Female
9771668636,5,2,no,1669,others,5001_10000,four_wheeler,4419977766,Ma. Concepcion Reyes,11-01-1964,7122873198,+745 7429153406,ma.@myland.com,"48412 Bryan Motorway West Alexismouth, PR 01200",not_disabled,non_immigrant,201270333837489622814410825685956336,Female
9492352112,9,0,yes,1530,self_employed,0_5000,two_wheeler,4528781976,Carlo Jose Martinez,16-04-1956,7257211622,+745 9690586905,carlo@myland.com,"415 Todd Rapid Apt. 751 East Michelle, MT 70041",not_disabled,non_immigrant,277337682995863698141428769303449949,Male
1847191316,3,2,no,1276,employed_parttime,5001_10000,two_wheeler,5288534752,Marjorie Lim,29-07-1996,9861732941,+745 5029057453,marjorie@myland.com,"5989 Burton Turnpike Apt. 833 Raymondberg, OR 23753",not_disabled,non_immigrant,551123879821214013007647198532760376,Male
5522754584,5,4,no,1682,employed_fulltime,5001_10000,two_wheeler,1334945983,Carlo Miguel Castillo,03-08-1965,9175476371,+745 5328572168,carlo@myland.com,"3113 Dustin Walks Harrismouth, AS 44622",not_disabled,non_immigrant,793056161600032685013828234800630217,Male
1209540307,9,2,yes,627,employed_parttime,0_5000,two_wheeler,5826496681,Andrea Gonzalez,29-07-1984,7811925246,+745 9284420561,andrea@myland.com,"632 Gonzalez Grove Suite 366 Kellyville, KY 70621",not_disabled,non_immigrant,816172339482649285086271195995183826,Male
9806312731,5,1,no,395,employed_parttime,0_5000,two_wheeler,6986476957,Rafael Garcia,26-08-1951,9869262196,+745 1150866094,rafael@myland.com,"585 Fernandez Light Roweshire, NH 74102",not_disabled,non_immigrant,874024881371259511205591095742173156,Male
4971811981,9,6,no,1232,employed_fulltime,0_5000,two_wheeler,3538853474,Maria Isabel Rodriguez,12-01-1964,5998552613,+745 1291563603,maria@myland.com,"22821 Monique Viaduct North Melaniebury, CT 22946",not_disabled,non_immigrant,818864608578696131501704451028595630,Male
1912501794,6,1,yes,1612,self_employed,0_5000,two_wheeler,1275246866,Luis Miguel Perez,21-02-1978,6458998482,+745 9980975996,luis@myland.com,"272 Andrews Grove Comptonchester, AR 10402",not_disabled,non_immigrant,320932498146444711697935458077270036,Female
3634347234,8,3,yes,1249,employed_parttime,5001_10000,three_wheeler,1768251395,Ana Maria Dela Cruz,03-07-1955,2612561929,+745 3732026514,ana@myland.com,"PSC 0338, Box 6241 APO AA 76340",not_disabled,non_immigrant,813154692639750240138234512609191730,Female
7315981626,5,0,yes,1320,employed_fulltime,5001_10000,three_wheeler,8825939746,Juanito Santos,29-04-1983,6588188166,+745 3694971935,juanito@myland.com,Unit 7102 Box 3798 DPO AA 78404,not_disabled,non_immigrant,491991503810381592347559983257417456,Female
5462753323,6,2,yes,433,unemployed,0_5000,bicycle,6282121933,Fatima Zahra,21-01-2003,3758233976,+745 9176977469,fatima@myland.com,"1534 Alexander Lodge Derrickport, NH 70944",not_disabled,non_immigrant,174025185663706523188958976076965122,Female
5471907425,8,4,no,1093,employed_fulltime,0_5000,two_wheeler,8954292232,Mohammed Ali,13-11-1968,1619691555,+745 7882102261,mohammed@myland.com,"187 Hernandez Dam Apt. 929 Tatemouth, VT 24960",not_disabled,non_immigrant,396643478553378245772400792781382633,Female
6707151933,7,4,yes,1354,employed_fulltime,5001_10000,three_wheeler,6925819972,Samira El Aissami,14-01-1970,8246815724,+745 9013578465,samira@myland.com,"PSC 7293, Box 6815 APO AE 99873",not_disabled,non_immigrant,745681202102861917381006254605029941,Male
5489976281,10,3,no,582,employed_parttime,5001_10000,four_wheeler,3845922552,Hassan Ben Aissa,22-12-1972,2713724824,+745 2050990478,hassan@myland.com,"724 Christopher Roads Jasonmouth, PR 33104",not_disabled,non_immigrant,292240132754667750016287118855690547,Male
7417614167,10,0,yes,1191,employed_parttime,5001_10000,four_wheeler,9662138822,Abdelaziz Bouhaddou,14-03-1978,6799414413,+745 8343197965,abdelaziz@myland.com,USCGC Thompson FPO AE 56707,not_disabled,non_immigrant,308075501677065507527834582876576835,Male
7824293775,4,2,no,1012,self_employed,0_5000,bicycle,8919949626,Amina El Haloui,27-02-1976,5745125592,+745 6350204801,amina@myland.com,"671 Jonathan Village Suite 717 Victoriaburgh, MS 30420",not_disabled,non_immigrant,182252152868149991681694033668526987,Female
1096273906,9,7,yes,1731,unemployed,0_5000,bicycle,8495352929,Omar El Bakkali,24-05-1933,4633634437,+745 2218022571,omar@myland.com,"PSC 8732, Box 8154 APO AA 44681",not_disabled,non_immigrant,781806843907214398556391067696978059,Male
5412959729,7,1,no,1410,employed_parttime,0_5000,bicycle,6148674888,Aicha Oubaha,02-01-1994,9746877365,+745 9385184477,aicha@myland.com,"1050 Browning Ramp Jorgeberg, MD 14143",not_disabled,non_immigrant,635981763798499272645751924154621868,Male
3061229193,7,2,yes,1083,employed_fulltime,0_5000,two_wheeler,9556482877,Abdellatif El Filali,30-07-1947,7788771519,+745 5302193238,abdellatif@myland.com,Unit 6267 Box 5388 DPO AP 55656,not_disabled,non_immigrant,788661661294628313644998640370434787,Female
7116813348,4,0,no,754,employed_fulltime,0_5000,two_wheeler,5742238285,Leila Benjelloun,07-09-1950,6193989634,+745 9610113506,leila@myland.com,"392 Michael Manor Suite 431 Joneston, MA 87937",not_disabled,non_immigrant,787377446405786989117361002444455364,Female
9095643825,5,2,no,758,employed_fulltime,0_5000,two_wheeler,6944342231,Ahmed Alaoui,10-01-1962,8479913418,+745 1074066829,ahmed@myland.com,"94733 Vanessa Cape Hoffmanstad, NH 28829",not_disabled,non_immigrant,437567884371767286827834658155727901,Female
7074841256,9,7,yes,1590,employed_parttime,0_5000,two_wheeler,7557557117,Saida Moutawakil,02-09-1961,3415896365,+745 3995645083,saida@myland.com,Unit 7640 Box 9206 DPO AE 54569,not_disabled,non_immigrant,454161523171004335345146326473852334,Female
3740953010,6,5,no,131,employed_fulltime,5001_10000,four_wheeler,6591935311,Youssef Abou Anas,17-01-1986,7346781836,+745 7168527224,youssef@myland.com,"61804 Kimberly Cove Garciachester, GU 46223",not_disabled,non_immigrant,098360156950976620776428985018676321,Female
3434446724,5,4,no,1654,self_employed,0_5000,two_wheeler,4776778577,Najat Rochdi,03-09-1984,7982972531,+745 7030171993,najat@myland.com,"797 Anthony Tunnel Apt. 002 Matthewchester, AZ 54581",not_disabled,non_immigrant,613980739629802031347534548617922889,Male
3989093305,2,1,no,870,unemployed,0_5000,bicycle,1897887181,Abdelilah Benkirane,29-05-1966,4866982992,+745 1376550287,abdelilah@myland.com,"92303 Mcmahon Roads Suite 356 East Chrisview, PA 30357",not_disabled,non_immigrant,221870879359218252753296183513485793,Male
2610621622,5,1,yes,508,unemployed,0_5000,two_wheeler,3781929718,Ghita Jalal,22-02-1954,5513443188,+745 5371462471,ghita@myland.com,"73691 Reynolds Walks Lloydfurt, DE 53083",not_disabled,non_immigrant,503928462157610140414148168214954976,Female
2715161306,7,2,yes,682,employed_parttime,0_5000,bicycle,2444881691,Souad Massi,16-01-1979,4262554615,+745 5392455903,souad@myland.com,"521 Gray Unions Brownside, MH 67729",not_disabled,non_immigrant,429559361168908431347391870397339115,Female
4443622409,9,3,no,1410,employed_fulltime,10000_plus,four_wheeler,8223598392,Mohamed Amine Benabou,27-01-2000,7828168179,+745 5051226213,mohamed@myland.com,"076 Darren Isle Tiffanymouth, SC 98976",not_disabled,non_immigrant,963408628490663606084851371358900995,Female
5425803927,7,5,no,454,employed_fulltime,0_5000,two_wheeler,9154351356,Zohra Drif,31-01-1959,3732241159,+745 2909147117,zohra@myland.com,"1083 Greene Ridge Apt. 985 Lauraview, IN 97837",not_disabled,non_immigrant,956304438516054849968072382247466044,Male
2592020708,6,3,yes,584,employed_parttime,0_5000,bicycle,6686825359,Mohamed Choukri,18-07-1973,1873311671,+745 4993549004,mohamed@myland.com,"92293 Underwood Springs Apt. 428 Hillchester, PA 74825",not_disabled,non_immigrant,694236028854959612670763223430269742,Female
3570832346,4,1,yes,1491,employed_parttime,0_5000,bicycle,6281167223,Haile Selassie,08-10-1974,2871651354,+745 2123975721,haile@myland.com,"4818 Ralph Junction Port Garyberg, VA 93218",not_disabled,non_immigrant,171578978229785076693957731275885290,Male
1769690951,6,1,yes,425,employed_fulltime,0_5000,two_wheeler,1293996519,Mengistu Haile Mariam,06-12-1937,7717778219,+745 9535734886,mengistu@myland.com,"1256 Graham Parkways Suite 533 Christophermouth, MI 43315",not_disabled,non_immigrant,502765105260530133607927104186749230,Male
8105779165,6,5,yes,1736,unemployed,5001_10000,four_wheeler,5215696555,Abiy Ahmed,06-08-1990,9437856155,+745 1234488053,abiy@myland.com,"386 Cunningham Prairie Brandonchester, MO 25790",not_disabled,non_immigrant,143525958416156786215467631948956146,Male
4041281957,10,2,no,809,self_employed,10000_plus,four_wheeler,6193444313,Meles Zenawi,10-06-1970,5267997118,+745 6743867638,meles@myland.com,"74824 Lacey Fields Katherineberg, WA 50820",not_disabled,non_immigrant,629405914754440852132145313824474950,Female
4029497081,4,1,no,1107,employed_fulltime,5001_10000,three_wheeler,5651155765,Fikre Selassie Wogderes,01-08-2002,9591869451,+745 9415764418,fikre@myland.com,"228 Campbell Drive Suite 704 Lake Alicia, AK 56615",not_disabled,non_immigrant,517865143098544681900849189719230878,Male
8051904597,10,4,yes,113,employed_parttime,0_5000,two_wheeler,4811455542,Lidetu Ayalew,08-11-1930,3937547979,+745 2735331505,lidetu@myland.com,"0423 Joseph Roads Suite 882 West Jacobchester, SC 70892",not_disabled,non_immigrant,777411813040679312718615655586708629,Female
7223765835,10,4,no,157,employed_fulltime,0_5000,bicycle,5455427115,Birtukan Mideksa,09-12-1967,9378295667,+745 8405576088,birtukan@myland.com,"94793 Charles Lake New Kevinborough, PA 20225",not_disabled,non_immigrant,382758838597966133769828278541819908,Male
1760185568,7,1,yes,1406,employed_fulltime,0_5000,two_wheeler,9216425459,Zeresenay Alemseged,09-01-1973,6734683471,+745 9562391645,zeresenay@myland.com,"PSC 9765, Box 7256 APO AA 67477",not_disabled,non_immigrant,578803223639771572864418878068911456,Male
2313458712,2,0,no,1429,employed_fulltime,0_5000,bicycle,6369777717,Tirunesh Dibaba,07-03-1943,7857393524,+745 2375253256,tirunesh@myland.com,"60233 Parker Loaf Apt. 407 North Virginiahaven, RI 76175",not_disabled,non_immigrant,575826653840157771405949874291211535,Male
3505207169,7,3,no,920,employed_parttime,0_5000,two_wheeler,2353893374,Tsegaye Kebede,19-07-1980,3321889245,+745 6793801635,tsegaye@myland.com,"6536 Ray Junctions Mariochester, DE 09161",not_disabled,non_immigrant,501580316893331681703392523237517645,Female
1071546858,8,7,no,992,employed_fulltime,0_5000,two_wheeler,8762731768,Alemayehu Eshete,02-10-1955,5939131978,+745 4756838375,alemayehu@myland.com,"41599 Lozano Union Brianmouth, NE 73933",not_disabled,non_immigrant,897156584439700534934562752055272048,Male
1092101855,3,1,yes,835,employed_parttime,0_5000,bicycle,1264658199,Abebe Bikila,12-10-1950,6737715756,+745 7493870259,abebe@myland.com,"098 Lynn Extension Apt. 300 Christopherville, OH 68337",not_disabled,non_immigrant,668634180925241511042220352356304958,Male
5699336216,6,0,yes,222,employed_parttime,0_5000,two_wheeler,2747253364,Kenenisa Bekele,17-08-1988,3915987128,+745 7187074736,kenenisa@myland.com,"54225 Stevens Stream Ashleytown, PW 64769",not_disabled,non_immigrant,283898241430808435788587795560858851,Female
8145340599,3,0,yes,643,employed_fulltime,0_5000,bicycle,8257889211,Genzebe Dibaba,24-01-1985,2276324287,+745 4210902961,genzebe@myland.com,"283 Brandon Road Suite 390 Louisberg, ND 58185",not_disabled,non_immigrant,480223934738490007908808680333355455,Female
8566327677,7,6,yes,1768,employed_parttime,0_5000,two_wheeler,6424872846,Almaz Ayana,12-07-1976,9911332196,+745 8942873509,almaz@myland.com,"06428 Anderson Stream Lake Brian, AR 99419",not_disabled,non_immigrant,007235434990714030537788235559761577,Female
2842557736,5,2,no,156,unemployed,0_5000,two_wheeler,1379871579,Meseret Defar,07-08-2003,6492189811,+745 1315641198,meseret@myland.com,"691 Monique Summit Apt. 479 Robertberg, CT 58374",not_disabled,non_immigrant,863980064886905942712469082052501486,Female
8351888021,10,1,no,1180,employed_fulltime,5001_10000,three_wheeler,8523347624,Derartu Tulu,16-09-1993,8286447719,+745 4236332608,derartu@myland.com,"44017 Jones Orchard North Michelle, OH 42062",not_disabled,non_immigrant,040469463725506514048921965212283594,Male
1057842308,4,3,yes,109,employed_parttime,0_5000,bicycle,6981747915,Sileshi Sihine,29-04-1982,7388316218,+745 1417862203,sileshi@myland.com,"862 Jacob Walks Apt. 712 West Courtney, TX 06077",not_disabled,non_immigrant,120050296757260323996764664145090289,Female
9012058918,3,0,no,1668,employed_parttime,5001_10000,two_wheeler,3786337834,Haile Gebrselassie,07-06-2001,3657598317,+745 2851213228,haile@myland.com,"4563 Laurie Keys Shafferfort, WA 72298",not_disabled,non_immigrant,740512654640794399211063965681197265,Female
1418748441,4,3,yes,571,employed_fulltime,5001_10000,two_wheeler,3459147498,Hailu Mekonnen,05-11-2002,7951969538,+745 6403256553,hailu@myland.com,"02386 Scott Unions Adamsland, OH 81413",not_disabled,non_immigrant,734209933310179284950828498485135059,Female
9526058160,9,8,yes,1569,employed_fulltime,0_5000,two_wheeler,5411592666,Kofi Yamgnane,12-01-1937,9327163815,+745 5830138918,kofi@myland.com,USS Vasquez FPO AP 73144,not_disabled,non_immigrant,323937862141844468434808391862897430,Male
1168779918,2,1,yes,1677,self_employed,0_5000,bicycle,8786984973,Edem Kodjo,18-02-1985,1618474865,+745 6382053496,edem@myland.com,"2278 Clarke Viaduct Suite 369 Leefort, WI 04502",not_disabled,non_immigrant,636964392243887954917755716928271846,Male
1820511280,9,8,yes,723,employed_fulltime,0_5000,two_wheeler,2663451972,Charles Trenet,28-05-1931,7527632327,+745 9302034963,charles@myland.com,"655 Richard Knoll Apt. 575 Jacobburgh, NM 72586",not_disabled,non_immigrant,007638906707188698977075538541081724,Female
1297338164,4,0,no,791,employed_parttime,0_5000,bicycle,2728573637,Christine Adjobi,29-04-1998,4789949154,+745 8563543511,christine@myland.com,"514 Evan Station Port Scottland, TX 29629",not_disabled,non_immigrant,513034642607902765511558653966025133,Male
7908995484,4,1,no,719,employed_parttime,5001_10000,three_wheeler,8352887152,Abass Kaboua,17-05-1988,3234425268,+745 5216120705,abass@myland.com,"265 Lori Lights Apt. 323 New Cynthia, DC 76387",not_disabled,non_immigrant,002144504462828490451605937192720597,Female
1138498102,6,4,no,293,employed_parttime,10000_plus,four_wheeler,6732799947,James Amaglo,14-04-1987,8982828822,+745 3116706245,james@myland.com,"013 Tonya Burgs New Keithville, UT 21182",not_disabled,non_immigrant,244747267205569372230096238863033404,Male
6785866945,7,4,yes,971,employed_fulltime,5001_10000,two_wheeler,1773827845,Jules Kodjo,30-01-1982,6567555583,+745 3023245275,jules@myland.com,"00418 Vazquez Keys Collinsbury, ND 30576",not_disabled,non_immigrant,454861102555336542160683767969740739,Female
8468698260,9,7,no,336,employed_parttime,0_5000,bicycle,6726555613,Rock M. Ouattara,03-07-1991,2335832772,+745 9361058123,rock@myland.com,"1353 Hartman Plains Apt. 539 North Douglas, MD 93252",disabled,immigrant,393982597850358399089369917868092048,Male
5510565218,2,0,no,1335,self_employed,0_5000,two_wheeler,8718185613,Kokouvi Mawuena Agbetomey,24-06-1991,7419912614,+745 5084209869,kokouvi@myland.com,"88031 Harris Isle Apt. 662 West Robert, CA 79293",not_disabled,non_immigrant,661031046040425054614849342650026107,Female
2491080545,7,1,no,1678,self_employed,0_5000,two_wheeler,6554149744,Gilbert Fossoun Houngbo,02-05-1946,8333141266,+745 8218720575,gilbert@myland.com,"383 Mullins Crescent Rodriguezbury, CA 13317",not_disabled,non_immigrant,452369119173082416112474274035683220,Female
7561054279,7,4,yes,831,unemployed,0_5000,bicycle,9642368817,Bernadette Legzim-Balouki,07-11-1950,2736648897,+745 6403615590,bernadette@myland.com,"15671 Ashley Fork Apt. 646 New Anthonyfurt, WA 33164",not_disabled,non_immigrant,870809853900130494878205230626530886,Female
9302585396,7,1,no,693,employed_fulltime,0_5000,two_wheeler,9498293457,Charles Debbasch,02-09-1990,2522963738,+745 8362292664,charles@myland.com,"2937 Bell Mill Franklinside, IL 28703",not_disabled,non_immigrant,399047487771607518762348530167603444,Female
1483149888,7,2,no,113,unemployed,0_5000,two_wheeler,5529394557,Joseph Kokou Koffigoh,24-03-1997,7576215428,+745 2733679527,joseph@myland.com,"45105 Stephen Stravenue Apt. 029 East Jack, WY 82235",disabled,non_immigrant,866984072435463124372331568885057560,Male
6306790428,8,7,no,1727,employed_fulltime,0_5000,two_wheeler,5738861328,Pascal Bodjona,15-02-1948,4696541991,+745 2387364617,pascal@myland.com,"2314 Edward Islands Brownburgh, FM 97921",not_disabled,non_immigrant,052068568116134556689292404097293463,Female
1299685587,6,0,yes,1775,unemployed,0_5000,two_wheeler,8347389524,Namal Rajapaksa,25-02-1993,6351895677,+745 5002298291,namal@myland.com,"23960 Sandra Burgs Marshalltown, FM 34970",not_disabled,non_immigrant,661657292901928523761936860421060448,Female
8925790216,5,2,no,868,employed_parttime,0_5000,two_wheeler,5736696269,Mahela Jayawardene,23-04-1955,7375418173,+745 4108999527,mahela@myland.com,"139 Hoffman Ridge Suite 095 Ronaldview, WA 13519",not_disabled,non_immigrant,082007920235884347959451144210150305,Male
5098164610,3,0,yes,1287,self_employed,5001_10000,two_wheeler,6683372595,Kumar Sangakkara,02-09-1953,4344738495,+745 8215737258,kumar@myland.com,"41540 Jones Street Suite 009 Port Melissashire, MI 51882",not_disabled,non_immigrant,194772037952977694634009142429229699,Female
4499300444,2,1,yes,1391,self_employed,5001_10000,four_wheeler,7744225491,Muttiah Muralitharan,18-03-1936,6392588446,+745 5378420520,muttiah@myland.com,USS Hernandez FPO AA 84768,not_disabled,non_immigrant,395856137588168899708364993200877163,Male
6509831370,9,5,yes,1131,employed_parttime,0_5000,two_wheeler,1729372279,Chaminda Vaas,08-03-1949,4796163837,+745 1701145037,chaminda@myland.com,"803 Jennifer Crossing Suite 963 Littleton, CO 91037",not_disabled,non_immigrant,590265626500128412967436575394116599,Female
4009153493,7,5,yes,1708,self_employed,0_5000,two_wheeler,9975222792,Sanath Jayasuriya,24-06-1959,5793616422,+745 6698176320,sanath@myland.com,"687 Ronald Courts Lynnshire, MO 06880",not_disabled,non_immigrant,086841828577149927555734348705846379,Female
4281435155,2,0,yes,397,employed_fulltime,0_5000,two_wheeler,4268888627,Angelo Mathews,18-05-1949,6679937776,+745 4748900995,angelo@myland.com,"990 Gregory Hollow Suite 914 Allenhaven, FL 52620",not_disabled,non_immigrant,622254407947618955414419737845603308,Male
9885841054,2,0,yes,1231,self_employed,0_5000,two_wheeler,5667457221,Lasith Malinga,06-07-1974,4621674495,+745 7861221366,lasith@myland.com,"7936 Renee River Laurenville, ND 12469",not_disabled,non_immigrant,670015571086503748928290661724807579,Female
8841579456,2,0,no,1765,employed_fulltime,0_5000,two_wheeler,4333453232,Rangana Herath,14-11-1942,7898961736,+745 2770144707,rangana@myland.com,"8058 Matthew Forge Brownberg, MT 48885",not_disabled,non_immigrant,397170609702798905213908866550671929,Female
4553538896,4,1,no,1789,employed_parttime,0_5000,bicycle,2986781376,Upul Tharanga,30-11-2002,9925754567,+745 8747529245,upul@myland.com,Unit 0569 Box 5986 DPO AP 59272,not_disabled,non_immigrant,453698738691220907956115109798282096,Female
8962073240,8,4,no,226,employed_parttime,5001_10000,four_wheeler,6832427589,Aravinda de Silva,21-09-1959,2896849376,+745 3070558845,aravinda@myland.com,"526 Luke Ferry New Jonathon, AL 50311",not_disabled,non_immigrant,778079451136820245060967911340162737,Female
9631756836,6,4,no,1217,employed_fulltime,0_5000,two_wheeler,9258533166,Tissa Wijeratne,26-10-1985,5619852538,+745 1814487380,tissa@myland.com,"91358 Ashley Vista Lyonschester, NH 83853",not_disabled,non_immigrant,411637931237289520974348382186710388,Male
7906385030,10,0,no,835,employed_parttime,0_5000,bicycle,9722348255,Ananda Coomaraswamy,28-01-1938,3114721652,+745 4738193657,ananda@myland.com,"359 Barton Passage Kevinborough, RI 29150",not_disabled,non_immigrant,996625466232333863886861829590644620,Male
6009516013,4,2,no,1799,unemployed,0_5000,two_wheeler,3778421947,George Keyt,25-08-1989,3746566787,+745 2246023909,george@myland.com,"035 Karen Square Wagnerstad, MA 94635",not_disabled,non_immigrant,029441484374021863924673835463664772,Male
4822427148,8,2,yes,1333,employed_parttime,0_5000,bicycle,5254487514,W.D. Amaradeva,27-03-1979,1947263138,+745 1826884215,w.d.@myland.com,"768 Steven Wells East Shannon, PR 11261",not_disabled,non_immigrant,647924805618465352290789476981519482,Female
4898750274,2,0,no,441,employed_parttime,5001_10000,two_wheeler,3921426748,Ediriweera Sarachchandra,20-06-1997,6719723894,+745 4152762955,ediriweera@myland.com,"7136 Marissa Meadow West Jenniferhaven, OR 09887",not_disabled,non_immigrant,565872662450759732402458146446344042,Male
5997366052,3,1,no,687,employed_parttime,0_5000,two_wheeler,5321643618,Lester James Peries,04-07-1964,6391375919,+745 9794855587,lester@myland.com,"835 Meredith Oval Suite 892 East Derrick, VA 65233",not_disabled,non_immigrant,504171097124212470425517891013977176,Female
9813242823,10,5,no,1315,self_employed,5001_10000,three_wheeler,9175196394,Sri Rahula Thera,27-04-1996,5251841576,+745 6646589040,sri@myland.com,"2931 Wolfe Manor Apt. 279 Antoniofurt, NE 83667",not_disabled,non_immigrant,562983580092058519543239997756582069,Male
6253474300,7,4,no,1326,employed_parttime,0_5000,bicycle,4939795862,Ven. Walpola Rahula Thero,21-09-1987,1339953348,+745 1518397088,ven.@myland.com,USS Morris FPO AE 32707,disabled,non_immigrant,547002607603334978609313309070878374,Female
9860975504,9,0,yes,782,employed_parttime,0_5000,two_wheeler,8929455731,Anagarika Dharmapala,27-12-1936,1935366332,+745 9663016727,anagarika@myland.com,"1093 Jeremy Rue East Kimberly, CA 22667",not_disabled,non_immigrant,740400680498873555852876381426772177,Male
7451998749,4,3,yes,388,employed_parttime,0_5000,two_wheeler,8444632292,Andry Rajoelina,07-01-1959,2196417154,+745 5866531800,andry@myland.com,Unit 8347 Box 7756 DPO AP 35865,not_disabled,non_immigrant,973177159886646235860122247994800549,Female
9062602435,4,3,no,1399,self_employed,0_5000,two_wheeler,2189957184,Hery Rajaonarimampianina,23-09-1993,3325219864,+745 8197575377,hery@myland.com,"29632 Miller Crossroad Manueltown, KY 33404",not_disabled,non_immigrant,302898840891319593711261259151859078,Female
6722782724,9,7,no,1770,unemployed,5001_10000,four_wheeler,4647551889,Didier Ratsiraka,30-11-1970,3223391392,+745 2945608061,didier@myland.com,"27790 Joshua Forest Hallview, FL 74410",not_disabled,non_immigrant,594267634698465875134277116357070474,Male
8326699094,8,4,yes,1090,employed_fulltime,0_5000,bicycle,9962352116,Albert Zafy,26-11-1989,1713284835,+745 3297783113,albert@myland.com,"476 Jill Course Apt. 764 Cookborough, NV 63789",not_disabled,non_immigrant,343713885706940001183236187671903082,Female
2230571727,3,0,no,1691,employed_fulltime,0_5000,bicycle,5591996938,Marc Ravalomanana,15-10-1990,3555335883,+745 5269503311,marc@myland.com,"8716 Dean Cove Joshuamouth, NH 75745",not_disabled,non_immigrant,886543904255998014190726340407103021,Female
4894298114,4,1,yes,1241,employed_fulltime,0_5000,two_wheeler,9581416986,Lalao Ravalomanana,21-09-1975,2935846838,+745 4127153990,lalao@myland.com,"663 Turner Fields Apt. 746 East Bryanberg, MT 51496",not_disabled,non_immigrant,474170229550646508234206227314825837,Female
1966156601,2,1,yes,1504,self_employed,0_5000,two_wheeler,9872174177,Roland Ratsiraka,14-07-1979,4684521665,+745 1921431663,roland@myland.com,Unit 2420 Box 9387 DPO AA 10788,not_disabled,non_immigrant,879832885699257581050395308825841792,Male
3458459909,5,3,no,1410,employed_parttime,0_5000,bicycle,8143651991,Norbert Ratsirahonana,11-06-1955,6311914359,+745 6827563713,norbert@myland.com,"4644 Willie Mountain Apt. 122 Lake Heidi, AZ 47649",not_disabled,non_immigrant,841028002577577279678714848248092860,Female
5693287949,6,3,yes,768,employed_parttime,0_5000,bicycle,1482244656,Olivier Rakotovazaha,31-01-1997,3339872187,+745 2726361123,olivier@myland.com,"993 Douglas Shoals Williammouth, FL 41593",not_disabled,non_immigrant,681610449812793612415270911723644139,Male
6215016437,4,1,no,1337,employed_parttime,5001_10000,three_wheeler,4556888819,Herizo Razafimahaleo,26-06-1988,2645688684,+745 4987347171,herizo@myland.com,"3146 Miller Spurs Jamesmouth, MI 68135",not_disabled,non_immigrant,427371972491679390902329097478586248,Female
8380354288,5,1,yes,173,employed_parttime,0_5000,bicycle,2742382441,Raymond Ranjeva,30-03-1944,4322899636,+745 6435130112,raymond@myland.com,"230 Teresa Views Lynnbury, NC 59437",not_disabled,non_immigrant,794887718881038065320769814287438781,Male
3854455097,6,5,yes,721,employed_parttime,0_5000,two_wheeler,9229542397,Elie Rajaonarison,02-12-1937,4794759798,+745 7046806459,elie@myland.com,"01863 Jones Circle Suite 238 New Tannerton, KY 03041",not_disabled,non_immigrant,679745284184031774028149064377871639,Female
9185664021,4,1,no,1492,unemployed,5001_10000,four_wheeler,9477323773,John Robert,07-12-1988,1635182897,+745 8044720120,john@myland.com,"160 Watkins Village Debrahaven, MS 59347",not_disabled,non_immigrant,369942043467738979090825777557828132,Male
8618250477,8,3,yes,260,employed_fulltime,0_5000,bicycle,2218495651,Soloniaina Razafimahefa,28-08-1944,6847796744,+745 8602114969,soloniaina@myland.com,"9922 Madison Station Edwardville, SC 01011",not_disabled,non_immigrant,609334095502003449914112236470152162,Female
3753856640,7,4,no,988,employed_fulltime,0_5000,bicycle,9423667699,Albert Rakoto Ratsimamanga,23-11-1967,2798482186,+745 4771721987,albert@myland.com,"47909 Eric Corner Audreyburgh, NM 00555",not_disabled,non_immigrant,042294770330557291322343685351546687,Male
1217892182,5,3,yes,1414,self_employed,0_5000,bicycle,3452422954,Rasoa Kininike,29-04-1998,9911348849,+745 3524271956,rasoa@myland.com,"PSC 6922, Box 8761 APO AE 43755",not_disabled,non_immigrant,027252469903063032784904315958771065,Female
4942152244,4,2,no,576,employed_parttime,5001_10000,four_wheeler,9746865636,Flora Ratsimba,01-10-1964,9837734842,+745 8819278198,flora@myland.com,"166 Joshua Light North Charlesshire, TX 74685",not_disabled,non_immigrant,440580501014069618826599743035015238,Female
2060528136,10,4,no,713,employed_parttime,0_5000,bicycle,8448969757,Nadia Rabemanantsoa,18-06-1999,9592436278,+745 7381624340,nadia@myland.com,"576 Crystal Gateway Suite 071 New Joseph, OR 39290",not_disabled,non_immigrant,282741570380881987619297882468523133,Female
7984608379,8,0,no,887,self_employed,0_5000,two_wheeler,5194823846,Olivier Randrianarisoa,16-12-1968,9285472737,+745 4551576919,olivier@myland.com,USCGC Johnson FPO AA 24080,not_disabled,non_immigrant,127754989025793745966100005348985258,Male
8805820924,6,2,yes,1081,employed_fulltime,0_5000,bicycle,9654719775,Ernest Bai Koroma,08-09-1945,8785692288,+745 8072198030,ernest@myland.com,"18582 Scott Stravenue Apt. 210 South Haileyhaven, OH 74497",not_disabled,non_immigrant,081068458445361883861016683087266132,Male
2134138737,6,0,no,345,unemployed,5001_10000,three_wheeler,4323288315,Julius Maada Bio,30-11-1940,9687536121,+745 9144212900,julius@myland.com,"47042 Sharon Skyway Apt. 695 Anthonyshire, AK 24604",not_disabled,non_immigrant,096384297947005989177107802180568859,Male
8865748893,4,3,no,1368,self_employed,5001_10000,two_wheeler,6777587764,Joseph Saidu Momoh,28-03-1940,2515729148,+745 1346929731,joseph@myland.com,Unit 0446 Box 7786 DPO AP 69673,not_disabled,non_immigrant,682296333210291782690604034279591771,Male
5335532877,3,2,yes,1483,employed_fulltime,0_5000,two_wheeler,6166337925,Siaka Stevens,15-10-1990,3152868837,+745 6823595981,siaka@myland.com,"1890 Renee Islands Suite 392 Monicafort, NC 61920",not_disabled,non_immigrant,549717361249271057927689976068051159,Female
5545462721,3,0,no,845,others,0_5000,bicycle,3771499698,Ahmad Tejan Kabbah,02-11-1993,2725496298,+745 4678920855,ahmad@myland.com,"38820 Christopher Ramp Lake Carol, AS 59423",not_disabled,non_immigrant,889466535482371568807832911648209361,Female
6078074767,5,4,no,1490,self_employed,0_5000,bicycle,3273282982,Samuel Sam-Sumana,31-07-1981,3719512221,+745 9448705066,samuel@myland.com,"37821 Arnold Burg Apt. 646 Lake Angelaview, PR 23317",not_disabled,non_immigrant,136211530655019237334692915129628783,Male
3743131667,4,2,no,345,self_employed,0_5000,two_wheeler,8391457519,Solomon Berewa,21-12-1938,8433371962,+745 7110428377,solomon@myland.com,Unit 6654 Box 1621 DPO AE 47629,not_disabled,non_immigrant,818885084587576528470024453269720493,Male
9678024441,6,2,no,1296,employed_fulltime,5001_10000,two_wheeler,7982152123,Alhaji Ahmadu Sulaiman Bah,05-06-1981,1911796945,+745 6565366814,alhaji@myland.com,"162 Bates Village Apt. 142 Kyleville, ND 37070",not_disabled,non_immigrant,629462017305691822143540478432116852,Female
2320644448,2,1,yes,1722,unemployed,0_5000,bicycle,6253958745,Milton Margai,05-03-1952,3625521599,+745 3339075938,milton@myland.com,"231 Greg Estates New Jacqueline, SD 09838",not_disabled,non_immigrant,722494656432951287459976472734137669,Male
5663799872,8,5,no,842,employed_fulltime,0_5000,two_wheeler,5272537372,Albert Margai,20-08-1977,7118541128,+745 9605681433,albert@myland.com,"70069 Smith Extension East Williamborough, MP 28857",not_disabled,non_immigrant,338074663399914600202728375248968242,Male
3220864207,9,2,yes,685,employed_parttime,0_5000,bicycle,7761293169,Mohamed Sorie Fornah,18-11-1991,1418191517,+745 1080175897,mohamed@myland.com,"7374 Sara Throughway Jenniferfurt, ND 08559",not_disabled,non_immigrant,038767520519172643109417658750232832,Female
5781709453,6,0,no,1213,self_employed,0_5000,bicycle,5496614473,John Karefa-Smart,28-07-2004,7337416537,+745 1226439521,john@myland.com,Unit 9796 Box 4889 DPO AA 91587,not_disabled,non_immigrant,811414996492392737284861760962564912,Male
1078216259,2,1,yes,1483,unemployed,0_5000,bicycle,7335484654,Christiana Thorpe,21-12-1956,9991623278,+745 5067376354,christiana@myland.com,"759 Sparks Unions Timothyberg, AK 60417",not_disabled,non_immigrant,063228964127592799481417083156903193,Male
8004354233,5,0,yes,1405,employed_fulltime,0_5000,two_wheeler,2334464241,Baimba Kamara,11-12-1986,7949746951,+745 1510389128,baimba@myland.com,"7044 Frank Circles Suite 648 Lake Chadton, AK 36541",not_disabled,non_immigrant,513383643810660656119107535780954667,Female
3001542091,7,6,yes,152,employed_parttime,0_5000,two_wheeler,3578181359,Abdul Karim Bangura,07-01-1938,6796296387,+745 6353355554,abdul@myland.com,"49146 Sabrina Street South Loriport, KS 37719",not_disabled,non_immigrant,659604490536872354540844021131877508,Male
5263115842,8,0,no,440,self_employed,0_5000,bicycle,8818863223,Isha Johansen,21-06-1969,7563737641,+745 2276660769,isha@myland.com,"81100 David Brooks Suite 467 Georgeport, MA 76629",not_disabled,non_immigrant,896358494033367194750498858357542144,Female
1023535291,4,1,yes,285,employed_parttime,0_5000,two_wheeler,6188743995,Alimamy Petito Koroma,02-06-1979,4298559226,+745 3934001023,alimamy@myland.com,"527 Jones Drives Port Joseph, MI 90756",not_disabled,non_immigrant,420589995489121415169895466619932223,Male
3636091152,5,4,no,1580,employed_fulltime,0_5000,two_wheeler,8963932734,Zainab Bangura,19-05-1978,2969289482,+745 7764961391,zainab@myland.com,"6145 Lane Prairie Timothyland, FL 38023",disabled,non_immigrant,689002274297750673922106259664253170,Female
3647389156,4,1,no,1591,self_employed,5001_10000,four_wheeler,9815547165,Mohamed Kallon,28-07-1970,3779235714,+745 6659354948,mohamed@myland.com,"56065 Amanda Crest Suite 844 Port Jenniferfurt, OK 79233",not_disabled,non_immigrant,995915480882691443995848222132824964,Female
3843659566,8,4,no,1050,employed_parttime,0_5000,bicycle,1637543589,Karamoh Kabba,20-04-1991,5868215433,+745 1592081498,karamoh@myland.com,"042 Paul Port Apt. 885 Nathanland, TN 37743",not_disabled,non_immigrant,729742643327024306742125949195364721,Male
7556192868,4,3,yes,117,employed_parttime,5001_10000,two_wheeler,2713629347,Thomas Sankara,11-03-1989,4962289355,+745 3533884401,thomas@myland.com,"1064 Bradley Flats Ramirezburgh, OK 91142",not_disabled,non_immigrant,321693882448198862969401561640584757,Female
7794723634,8,5,no,722,employed_parttime,0_5000,bicycle,9899412139,Mahamadi Kouanda,11-05-1971,3987797926,+745 5606389190,mahamadi@myland.com,USCGC Mccall FPO AA 53757,not_disabled,non_immigrant,486632379671110642299309907342053392,Male
4809525594,6,4,yes,83,unemployed,0_5000,two_wheeler,2476236721,Joseph Ki-Zerbo,27-12-1954,2419489396,+745 1160520927,joseph@myland.com,"33453 Matthew Mews Suite 137 New Michaelland, MP 78628",not_disabled,non_immigrant,678988324499443183945619050690453344,Male
9716998955,8,5,yes,1294,employed_parttime,0_5000,two_wheeler,9945265881,Norbert Zongo,02-03-1930,2458261682,+745 8488481199,norbert@myland.com,"34193 Christopher Well Apt. 205 Wardville, AS 58524",not_disabled,non_immigrant,102740992908571077180215197287902084,Female
1007463746,5,3,yes,99,unemployed,0_5000,two_wheeler,9489156128,Bado Oumar Idrissa,02-08-1980,2975695758,+745 3191364230,bado@myland.com,"0415 Johnson Plains Suite 593 Lake Jameschester, CA 26998",not_disabled,non_immigrant,698648840296078400021842807636121994,Female
5223467863,3,2,no,146,employed_parttime,0_5000,two_wheeler,2974977718,Luc-Adolphe Tiao,30-04-1986,5448538741,+745 6084024878,luc-adolphe@myland.com,"PSC 8886, Box 0081 APO AA 98579",not_disabled,non_immigrant,295487670395829552151344094392048339,Male
9467053021,7,6,yes,945,employed_parttime,5001_10000,three_wheeler,1824424534,Salif Diallo,11-01-2002,4713697361,+745 5624773489,salif@myland.com,"891 Lewis Ramp Apt. 568 North Matthewview, NE 26136",not_disabled,non_immigrant,726669935398915307969173952766246945,Female
8982799989,9,5,yes,1286,employed_parttime,0_5000,two_wheeler,1426239335,Idrissa Nassa,11-11-1994,7125798551,+745 9945824841,idrissa@myland.com,"570 Aaron Road Suite 286 North Kenneth, AR 70096",not_disabled,non_immigrant,203018076101212600723860967717254192,Male
2740259744,3,1,no,1104,employed_parttime,5001_10000,two_wheeler,3819494816,Rosine Sory-Coulibaly,29-06-1961,4192538764,+745 5126135330,rosine@myland.com,"90972 Winters Avenue Suite 096 Brownfort, PR 35229",not_disabled,non_immigrant,742769225778036386259351623167732596,Male
2251974257,5,0,no,245,employed_fulltime,0_5000,two_wheeler,4741591733,Alpha Yago,07-12-1944,6566934857,+745 7506528593,alpha@myland.com,"05504 Mark Rue Suite 743 New Jeanettetown, WA 60879",not_disabled,non_immigrant,236572593035529942547514331392498186,Male
1778827580,5,3,yes,85,self_employed,0_5000,bicycle,6446386215,Fatimata Ouattara,04-01-1995,8277491387,+745 4132074804,fatimata@myland.com,Unit 1249 Box 3175 DPO AP 47451,not_disabled,non_immigrant,077483092327356002260519266483641839,Female
7674292460,5,0,yes,590,self_employed,5001_10000,four_wheeler,2656242424,Cellou Dalein Diallo,15-11-1935,9551542364,+745 9930448105,cellou@myland.com,"44020 Amber Hill Apt. 842 Lake Glenn, OH 86656",not_disabled,non_immigrant,827804332273769598653364929545715054,Male
4436431125,8,6,no,242,employed_fulltime,0_5000,two_wheeler,5362852953,Alpha Yaya Diallo,20-05-2004,9776679675,+745 1153692965,alpha@myland.com,"285 Castro Springs Rodriguezberg, FL 23204",not_disabled,non_immigrant,977744196496356359920364765647862475,Female
3317022561,7,1,no,505,employed_parttime,5001_10000,four_wheeler,3193711263,Kabinet Fofana,05-10-1975,4383254593,+745 9381420656,kabinet@myland.com,"43751 Wilson Ranch Garciafort, TX 93671",disabled,non_immigrant,092495536091097986537081615988517964,Female
5281022408,7,5,yes,1071,employed_parttime,10000_plus,three_wheeler,7316827916,Mamadi Doumbouya,30-05-1943,9348722185,+745 6429978446,mamadi@myland.com,"PSC 6315, Box 6307 APO AP 86894",not_disabled,non_immigrant,665090023914090660398558698791354154,Female
7418613782,6,0,no,558,employed_parttime,5001_10000,four_wheeler,1319536838,Louis Lansana Beavogui,10-05-1955,2421747627,+745 9978822216,louis@myland.com,"94054 Alexander Via Suite 997 Debraborough, ID 92482",not_disabled,non_immigrant,393001624773819037428272290829841202,Female
9545967708,9,8,no,691,self_employed,5001_10000,two_wheeler,5889377419,Abdoulaye Keita,05-03-1951,2121323243,+745 7755835081,abdoulaye@myland.com,Unit 6895 Box 0533 DPO AA 53260,not_disabled,non_immigrant,231357247805047970956729553140616570,Female
2713206660,8,6,no,787,others,0_5000,two_wheeler,8749685895,Alhassane Bangoura,05-09-2003,6858418612,+745 5203173132,alhassane@myland.com,"9905 Atkins Crest Apt. 353 Williamsborough, AR 17424",not_disabled,non_immigrant,300230697330257904015491763967726633,Female
2826504911,3,2,no,808,employed_fulltime,5001_10000,three_wheeler,1664177211,Boubacar Diallo,01-12-1930,3922585683,+745 7229452836,boubacar@myland.com,"271 Susan Loaf Suite 218 Lake Melissabury, DE 19464",not_disabled,non_immigrant,333646588701089910973871285283655908,Male
9109609029,5,2,yes,1740,unemployed,5001_10000,two_wheeler,7648292894,Kaba Camara,14-02-1999,4613215788,+745 9784049263,kaba@myland.com,Unit 8666 Box 8233 DPO AP 53840,not_disabled,non_immigrant,059881657145826983414975082377716706,Male
8259179395,10,7,yes,460,employed_parttime,0_5000,bicycle,4126251928,Karamo Alpha Gadiaga,17-07-2002,8329817483,+745 1011634394,karamo@myland.com,"611 Jason Fords Cruzfort, MP 69887",disabled,non_immigrant,225561380547745926997827668850838590,Female
2037589978,2,0,no,1171,employed_fulltime,0_5000,two_wheeler,6876877736,Kerfalla Camara,10-01-1972,3976151111,+745 5091081735,kerfalla@myland.com,"444 Jose Islands Andreaburgh, FL 71250",disabled,non_immigrant,611905752203886146594153994147405434,Male
9460573108,7,0,no,718,employed_parttime,5001_10000,three_wheeler,8464541592,Mamady Youla,13-12-1983,5562237682,+745 8167159022,mamady@myland.com,"4523 Angela Lodge West Amanda, FM 79659",not_disabled,non_immigrant,802111969740464278172012118723823425,Female
9060390726,5,4,no,60,self_employed,5001_10000,three_wheeler,1828624885,Mohamed Lamine Fofana,02-12-1944,2169729228,+745 4508320275,mohamed@myland.com,"7052 Carla Crossing Tuckerview, AZ 13754",not_disabled,non_immigrant,428877192417383859265107989811990273,Female
4049999191,2,0,yes,152,self_employed,0_5000,two_wheeler,1362316877,Saa Sabas Bangoura,12-10-1999,7594548519,+745 3616867044,saa@myland.com,"7053 Moon Field Suite 654 Vanessaside, MT 20357",not_disabled,non_immigrant,856887349138488618154880333332115422,Female
4746143003,7,5,no,80,employed_fulltime,0_5000,two_wheeler,9497965791,Siaka Barry,20-06-1966,7496138446,+745 5545393753,siaka@myland.com,"57263 Scott Parkways West Shannonchester, MS 68376",not_disabled,non_immigrant,797799175526791626104224437423066255,Female
7352806772,5,1,no,496,unemployed,5001_10000,four_wheeler,1773141952,Siradiou Diallo,24-02-1978,1932848814,+745 5282085953,siradiou@myland.com,Unit 2979 Box 3262 DPO AE 42850,not_disabled,non_immigrant,625762092651558167619082504244922667,Male
7598380846,3,2,yes,163,employed_parttime,5001_10000,two_wheeler,8217353245,Gloria Macapagal-Arroyo,05-09-1933,5494373447,+745 9579222149,gloria@myland.com,USNV Flores FPO AE 16042,not_disabled,non_immigrant,995987155168840566468483468923344104,Female
3020275638,2,1,no,1037,unemployed,0_5000,two_wheeler,5474889656,Benigno S. Aquino III,15-03-1972,1114169773,+745 3595450451,benigno@myland.com,"77326 Nelson Falls East Diane, ID 48959",not_disabled,non_immigrant,779190891884955516709754754596875292,Male
1705601662,9,7,yes,1378,employed_parttime,5001_10000,four_wheeler,7668738455,Rodrigo Duterte,16-11-1961,1769418979,+745 6102024084,rodrigo@myland.com,"35355 Cook Oval South Derekberg, IL 12634",not_disabled,immigrant,611815306328407781446863151633186572,Male
3618749906,9,1,yes,1271,employed_parttime,0_5000,bicycle,2962626772,Manny Pacquiao,28-02-1932,1591322882,+745 1894726163,manny@myland.com,"283 Daniel Overpass Apt. 485 Deborahton, OH 98094",not_disabled,non_immigrant,421310930272686454834871656945745625,Female
5798554852,7,5,no,1768,self_employed,0_5000,bicycle,2157776187,Leni Robredo,16-09-1999,6165612947,+745 1742847873,leni@myland.com,"9608 Garrett Track Apt. 720 Salastown, FM 89774",not_disabled,non_immigrant,309016041451341757751647158722330717,Female
8634298625,5,4,no,1307,employed_parttime,5001_10000,two_wheeler,3597588585,Imelda Marcos,22-08-1978,5481734664,+745 3585002498,imelda@myland.com,"059 Christopher Avenue Sheltontown, MI 64759",not_disabled,non_immigrant,350828547392035175989456967890242641,Male
2270034193,9,4,yes,120,self_employed,0_5000,two_wheeler,3716118242,Jose Rizal,02-02-1978,3112849125,+745 2745907516,jose@myland.com,"9268 King Trace Apt. 908 North Williamchester, MO 08940",not_disabled,non_immigrant,541553125099125326115819298726889453,Female
4223707526,8,3,no,1434,employed_parttime,0_5000,two_wheeler,5142167419,Carlos P. Garcia,26-03-1944,5285974562,+745 7042576521,carlos@myland.com,"6917 Pennington Rapids Apt. 696 West Colin, ND 86534",not_disabled,non_immigrant,472694016467212779026125486281863010,Female
3251635828,2,0,yes,708,others,0_5000,bicycle,3366823863,Maria Corazon Aquino,14-04-1997,8469375273,+745 3572938073,maria@myland.com,"1067 Sellers Grove Suite 434 Bruceview, OR 57731",not_disabled,non_immigrant,502262024909511966534914861515532460,Female
8568936810,4,1,yes,113,employed_fulltime,5001_10000,four_wheeler,3577591379,Ferdinand Marcos,21-01-1987,3394958675,+745 4256693332,ferdinand@myland.com,"265 Clark Courts Apt. 568 South Amber, RI 55515",not_disabled,non_immigrant,217543972513678589126758396785961058,Male
8516581035,8,5,no,1078,employed_parttime,5001_10000,three_wheeler,8192397222,Haja Mariama Kamara,21-05-1957,2961334896,+745 9890056212,haja@myland.com,"7519 Donna Forge Mooreville, VA 78407",not_disabled,non_immigrant,442782601407325743522253172792158780,Female
5978113318,8,6,yes,593,employed_parttime,0_5000,bicycle,3378649196,Hassan Gbassay Koroma,19-09-1930,5166937164,+745 4439525844,hassan@myland.com,"635 Winters Stravenue Apt. 767 Meganstad, SD 73330",not_disabled,non_immigrant,706013964113142596254720172334512864,Female
1490021621,8,1,no,214,unemployed,0_5000,bicycle,9336665377,Musa Tarawally,31-03-1977,8489162742,+745 3546139160,musa@myland.com,"88722 Molly Unions Zunigastad, NH 58262",not_disabled,non_immigrant,781360822924886752489773522928219788,Female
3405974231,8,0,yes,1356,employed_fulltime,0_5000,two_wheeler,1565525942,Kandeh Yumkella,27-01-1946,6795628911,+745 9049315859,kandeh@myland.com,"77292 Gilbert Groves Brandyshire, FL 57911",not_disabled,non_immigrant,201632526097258995627598001544008444,Female
4293995653,4,1,no,235,self_employed,0_5000,bicycle,8825593929,Fatmata Sawaneh,19-02-1993,1682117668,+745 4331945059,fatmata@myland.com,"049 Benjamin Orchard Suite 716 West Angela, AK 56127",not_disabled,non_immigrant,204914100745057510713067652580583478,Male
4277018194,5,1,yes,1107,self_employed,0_5000,bicycle,1276712234,Chernor Maju Bah,18-07-1937,2186768718,+745 9285949481,chernor@myland.com,"6074 Carter Stream Port Robert, MO 56036",not_disabled,non_immigrant,706044060972613815303780000994809209,Female
1578983742,7,4,yes,514,employed_fulltime,0_5000,two_wheeler,4645255436,Adama Kamara,06-06-1951,1888728169,+745 4464194443,adama@myland.com,"12460 Mccall Branch Apt. 206 South Susan, VT 74803",not_disabled,non_immigrant,382344931955736818684429517533202060,Female
9293665359,6,4,yes,729,employed_parttime,0_5000,two_wheeler,7832953438,Brima A. Sheriff,12-11-1952,1296123592,+745 2846584450,brima@myland.com,"370 Stevens Oval Apt. 550 Lake Michelle, FL 33884",not_disabled,non_immigrant,729106469894621588911379615712351688,Female
9214692287,8,7,yes,1604,employed_parttime,5001_10000,three_wheeler,8251299654,Abdulai Bayraytay,21-10-1932,3631653422,+745 8256293982,abdulai@myland.com,"356 Justin Throughway South Rogerville, MO 77810",not_disabled,non_immigrant,943377591726908070164405402073451487,Male
4619311227,5,0,no,1342,unemployed,0_5000,two_wheeler,4753986195,Memunatu Pratt,26-03-2004,9765369549,+745 9422873425,memunatu@myland.com,"455 Jones Valley Apt. 699 West Christopher, HI 32209",not_disabled,non_immigrant,072614655531282106147323513432658158,Female
7034192923,5,4,yes,1277,employed_fulltime,0_5000,bicycle,2942854115,Abdul Tejan-Cole,02-06-1944,5257767559,+745 1704941395,abdul@myland.com,"191 Peterson Lane Suite 852 East Jeremy, AS 67042",not_disabled,non_immigrant,853204480039193243703952902253251534,Female
6103341360,9,6,yes,894,unemployed,5001_10000,four_wheeler,5239731942,Umu Hawa Tejan-Jalloh,10-06-1984,9563551139,+745 2544447983,umu@myland.com,"010 Lindsey Lodge Apt. 134 Collinsborough, WI 61076",not_disabled,non_immigrant,717072040028003305077245142830013627,Male
6544819701,10,5,yes,664,self_employed,0_5000,two_wheeler,6644919189,Alhaji Jalloh,14-08-1930,1111441868,+745 5081887405,alhaji@myland.com,"PSC 6819, Box 5700 APO AE 05279",not_disabled,non_immigrant,558401038742722321484794084221358443,Male
9617962848,4,2,yes,1415,employed_parttime,5001_10000,four_wheeler,7546523624,Jeneba Kandeh,08-09-1967,7839571351,+745 6928440735,jeneba@myland.com,"06618 Miller Path West Emilyhaven, OK 58554",not_disabled,non_immigrant,886645800499873497203941929162942224,Male
2531067281,3,0,no,996,self_employed,0_5000,bicycle,8665931443,Victor Bockarie Foh,19-10-1989,1814951631,+745 4290048256,victor@myland.com,"PSC 7122, Box 8726 APO AE 42686",not_disabled,non_immigrant,531613663293147303409810724862562263,Male
1987198570,2,1,yes,407,employed_parttime,0_5000,bicycle,7647223239,Ahmed Wurie,06-02-1965,3713863748,+745 4690765358,ahmed@myland.com,"62739 Gomez Burgs Hernandezville, IN 60246",not_disabled,non_immigrant,701564482666592894270391291815381810,Male
4076206287,6,5,yes,414,unemployed,0_5000,bicycle,5168711333,Mohamed Kamarainba Mansaray,09-12-1985,3153783527,+745 6229386435,mohamed@myland.com,"5687 Davila Wall Suite 831 Petersentown, WA 49439",not_disabled,non_immigrant,023552018323099785623370648132356584,Female
6409043165,4,2,no,620,employed_parttime,0_5000,two_wheeler,3981587851,Minkailu Mansaray,07-03-1930,9468166659,+745 5186762130,minkailu@myland.com,"02346 Francis Mall Apt. 585 West Emily, WA 18747",not_disabled,non_immigrant,028487003786471692144990567565461771,Male
7918047968,4,0,yes,730,employed_parttime,5001_10000,two_wheeler,6356671465,Alie Kabba,28-02-1996,5324624577,+745 9109430940,alie@myland.com,"2698 Cooper Parkways Suite 690 Youngton, AR 66150",not_disabled,non_immigrant,972946150962446256276327770363562468,Female
7663794190,3,0,no,862,others,0_5000,bicycle,5949858392,Bernadette Lahai,25-03-1948,9483292134,+745 8018720726,bernadette@myland.com,"3076 Mason Drives Christianville, AL 49153",not_disabled,non_immigrant,642724325389697405156158094385577256,Female
1113241596,2,1,no,864,employed_fulltime,0_5000,two_wheeler,2199143382,Ahmed Charai,21-04-1957,4572375648,+745 5021520062,ahmed@myland.com,"1296 Huerta Plains Apt. 024 West Jessica, TN 90846",not_disabled,non_immigrant,900865174494722761746283313462625792,Male
5341268020,6,1,no,1293,employed_parttime,0_5000,two_wheeler,8868155845,Mounir Majidi,25-06-1975,1662533689,+745 7680560727,mounir@myland.com,"0194 Ronnie Unions East Monica, AZ 50677",not_disabled,non_immigrant,139728303472178159783642138561203744,Male
9841760373,8,6,yes,1074,employed_parttime,0_5000,bicycle,7499534472,Abdelouafi Laftit,23-06-1980,1279455365,+745 7014899646,abdelouafi@myland.com,"56283 Hernandez Overpass Apt. 465 Toniton, MH 73295",not_disabled,non_immigrant,246996348032094054571037126725999966,Female
2247174122,7,4,no,1259,employed_parttime,5001_10000,two_wheeler,8153789654,Abdellatif Loudiyi,01-06-1973,6552924289,+745 2930535685,abdellatif@myland.com,"85482 Stefanie Land Apt. 816 Wesleyberg, PA 78036",not_disabled,immigrant,019343106689936434286644798673027340,Male
2527463638,8,3,yes,951,employed_fulltime,0_5000,bicycle,1766922594,Ahmed Aboutaleb,11-02-1948,3499839476,+745 1865691575,ahmed@myland.com,"63676 Dunn Park Sharonport, UT 98069",not_disabled,non_immigrant,112728586588474931236352858594877338,Female
3171445273,3,2,yes,468,self_employed,0_5000,two_wheeler,6544112657,Mohamed Hassad,30-05-1997,8493886762,+745 2137013053,mohamed@myland.com,"2671 Christine Throughway Suite 026 West Kenneth, KS 25374",not_disabled,non_immigrant,349339130740533674325916972138949470,Male
4498271256,2,1,yes,714,unemployed,0_5000,two_wheeler,1728891711,Aziz Akhannouch,27-05-1934,6412268813,+745 2963252290,aziz@myland.com,"2404 Ethan Village Apt. 291 Masseyview, NH 03795",not_disabled,non_immigrant,375649031057288368570074011860479118,Female
4700707791,2,0,no,1280,self_employed,0_5000,two_wheeler,2941514498,Saad Eddine El Othmani,06-09-1951,7747938274,+745 9389808833,saad@myland.com,"64319 Anderson Hollow Josephburgh, DE 51409",not_disabled,non_immigrant,846453207079527833825783252901755826,Male
4724420829,8,5,no,488,self_employed,0_5000,bicycle,5314125762,Nezha Skalli,23-11-2004,2718117931,+745 7573613884,nezha@myland.com,"57471 Gary Lights North Jonathanland, TX 05939",not_disabled,non_immigrant,283562314549859402549142656634497656,Male
3887047734,6,1,no,439,employed_parttime,0_5000,bicycle,5269591495,Khadija Rouissi,20-07-1987,7732852822,+745 3368478346,khadija@myland.com,"365 Travis Cape Apt. 411 Charlesshire, PA 41396",disabled,non_immigrant,401319557523531528643106472243104067,Male
